{
  "42726": {
    "XGBRegressor_default": {
      "mae": 1.6297020421644146,
      "nmae": 0.16478361239108014,
      "rmse": 2.3576593692216172,
      "nrmse": 0.23838936050668505,
      "r2": 0.4865173351939175,
      "adj_r2": 0.38396835472258783
    },
    "XGBRegressor_tuned": {
      "mae": 1.5515319933161211,
      "nmae": 0.15687962583602771,
      "rmse": 2.2155275858823216,
      "nrmse": 0.2240180287612023,
      "r2": 0.5465619176766073,
      "adj_r2": 0.456004599511447
    },
    "LGBMRegressor_default": {
      "mae": 1.5775897330961104,
      "nmae": 0.15951439488006147,
      "rmse": 2.272674882765785,
      "nrmse": 0.22979634760428114,
      "r2": 0.5228682768262679,
      "adj_r2": 0.42757903900852545
    },
    "LGBMRegressor_tuned": {
      "mae": 1.5516487218807216,
      "nmae": 0.1568914285791344,
      "rmse": 2.2122911893178414,
      "nrmse": 0.22369078788941887,
      "r2": 0.5478856959138786,
      "adj_r2": 0.45759275300012725
    },
    "CatBoostRegressor_default": {
      "mae": 1.5722408493881652,
      "nmae": 0.1589735546793065,
      "rmse": 2.246167800648731,
      "nrmse": 0.22711614433264865,
      "r2": 0.5339333123848596,
      "adj_r2": 0.44085390207091635
    },
    "CatBoostRegressor_tuned": {
      "mae": 1.5480085189429977,
      "nmae": 0.15652335774508297,
      "rmse": 2.2079278061020142,
      "nrmse": 0.2232495943276831,
      "r2": 0.549667380453368,
      "adj_r2": 0.4597302624691988
    },
    "TabPFNRegressor_default": {
      "mae": 1.432969331741333,
      "nmae": 0.14489144086837769,
      "rmse": 2.1202024269627717,
      "nrmse": 0.21437945199377875,
      "r2": 0.5847416520118713,
      "adj_r2": 0.5018093095257364
    },
    "TabPFNRegressor_tuned": {
      "mae": 1.435249924659729,
      "nmae": 0.14512203633785248,
      "rmse": 2.12742095370089,
      "nrmse": 0.21510933692676465,
      "r2": 0.5819092988967896,
      "adj_r2": 0.49841129968221165
    }
  },
  "44957": {
    "XGBRegressor_default": {
      "mae": 1.0126339478350161,
      "nmae": 0.008122375186286838,
      "rmse": 1.4552964075519172,
      "nrmse": 0.011672987514060634,
      "r2": 0.957725592148387,
      "adj_r2": 0.9570090767610716
    },
    "XGBRegressor_tuned": {
      "mae": 0.8533505411243122,
      "nmae": 0.006844756958080803,
      "rmse": 1.3046381496224049,
      "nrmse": 0.010464551930371071,
      "r2": 0.9660253676257499,
      "adj_r2": 0.9654495263990677
    },
    "LGBMRegressor_default": {
      "mae": 1.352272388397987,
      "nmae": 0.010846627960782297,
      "rmse": 1.9223524097337261,
      "nrmse": 0.015419261368337865,
      "r2": 0.9262366501482551,
      "adj_r2": 0.9249864238795814
    },
    "LGBMRegressor_tuned": {
      "mae": 0.8969468222230716,
      "nmae": 0.007194444377279041,
      "rmse": 1.410916964992895,
      "nrmse": 0.011317018327175963,
      "r2": 0.960264605468353,
      "adj_r2": 0.9595911242051047
    },
    "CatBoostRegressor_default": {
      "mae": 1.356536589680766,
      "nmae": 0.010880831280513602,
      "rmse": 1.884027467257641,
      "nrmse": 0.015111855555557094,
      "r2": 0.9291484951851526,
      "adj_r2": 0.9279476222221891
    },
    "CatBoostRegressor_tuned": {
      "mae": 0.833196655287829,
      "nmae": 0.00668310187770799,
      "rmse": 1.2180146680685937,
      "nrmse": 0.009769741709336408,
      "r2": 0.9703871876084166,
      "adj_r2": 0.969885275533983
    },
    "TabPFNRegressor_default": {
      "mae": 0.6384077668190002,
      "nmae": 0.005120692774653435,
      "rmse": 0.9864484656920279,
      "nrmse": 0.007912340233134996,
      "r2": 0.9805766940116882,
      "adj_r2": 0.9802474854356151
    },
    "TabPFNRegressor_tuned": {
      "mae": 0.6375619769096375,
      "nmae": 0.005113908555358648,
      "rmse": 0.9707753022222149,
      "nrmse": 0.007786625199642895,
      "r2": 0.9811890125274658,
      "adj_r2": 0.9808701822313212
    }
  }
}