XGBRegressor_default,XGBRegressor_tuned,LGBMRegressor_default,LGBMRegressor_tuned,CatBoostRegressor_default,CatBoostRegressor_tuned,TabPFNRegressor_default,TabPFNRegressor_tuned
1.629701407617359,1.9319789774680252,1.577960208835092,1.556678337141094,1.5676201929088933,1.9608458420377401,,
0.164783548230299,0.19534765664771034,0.15955185469111474,0.1573999866775465,0.15850634751715467,0.19826646395059877,,
2.357659364477518,2.6743733543363786,2.273055473543981,2.220257896054666,2.2346822895271448,2.723400749729239,,
0.23838936002699623,0.2704131741926962,0.22983483017450027,0.22449632330693042,0.22595481301943554,0.27537046767944406,,
0.4865173372603844,0.33929477504045713,0.5227084588600118,0.544623605061957,0.5386874791241919,0.3148482466010418,,
0.38396835720175426,0.20734358787181273,0.4273873033737211,0.4536791813602501,0.44655753601824744,0.1780147786090085,,
,,,,,,[enforce fail at alloc_cpu.cpp:114] data. DefaultCPUAllocator: not enough memory: you tried to allocate 29200527096 bytes.,[enforce fail at alloc_cpu.cpp:114] data. DefaultCPUAllocator: not enough memory: you tried to allocate 29200527096 bytes.
